model,epoch,AP,AP50,AP75,AP_small,AP_medium,AP_large,train_loss
baseline,1,6.425808819397657,11.881367503345448,6.1925676010348445,3.130085820783709,10.18133792326344,14.83571582283179,25.16237043579106
baseline,2,8.498757461190454,16.438734613410396,7.7162403524145144,4.404442411044837,13.1127648735955,26.386769211034416,22.423695576354906
baseline,3,10.926919220264061,20.079479863312567,10.280196846022589,6.007622809448225,16.543030758930726,29.82855619682511,21.51693629290033
baseline,4,12.393307513540169,22.573431582261357,11.72946573540807,6.655358060919923,18.491098393960225,29.97783557356337,20.875511408773278
baseline,5,12.973422038235368,23.931917257716655,11.955938751762622,7.645746299881277,19.026554261011082,31.351320347820238,20.51812845749458
baseline,6,14.857109357824113,26.48219090690067,14.231577950303581,8.196423120668552,21.999181584420157,35.996396845386116,20.01801213155554
baseline,7,16.058505393015775,28.270478283630535,15.472770980217676,8.777763098712434,23.638048052059403,38.16072609412148,19.82094742153476
baseline,8,16.872880381630743,29.568485159292052,16.359221197581892,9.290595155081508,24.75444572014523,38.55866401686217,19.675699814378046
baseline,9,17.437427535011558,30.343275071981363,17.00071606959893,9.669124658464336,25.403068194159168,40.70429142058039,19.4626862766606
baseline,10,17.95535734878628,31.316410648892262,17.602275042503926,10.058607516284114,26.232626236808613,41.34356445215307,19.325225531640406
baseline,11,18.414289961145677,32.02273431784539,17.999472761382766,10.286537876658478,26.823325314185997,43.18630367658341,19.041526444929865
baseline,12,18.631588777630174,32.35202611134687,18.29098643020354,10.470053535131308,27.27537403612949,46.197982880697836,19.097844049636187
baseline,13,18.854761011936265,32.715434192703526,18.549954633926752,10.589917485537793,27.588923984322072,46.59116653510828,18.876798347534454
baseline,14,19.100594615317583,33.07658277747401,18.760922249150752,10.752938059579694,27.985433035587537,45.10270323899571,18.759205783174316
baseline,15,19.37904327632901,33.51149492627754,18.989286005380993,10.989564432379453,28.39727050824336,46.297198912065205,18.616476516196023
baseline,16,19.63780730816238,33.94461632243975,19.38709184955436,11.130159347739625,28.808640440225098,46.22615451544579,18.52216380185201
baseline,17,19.882398101603275,34.324988427997184,19.636736704662024,11.221581316591356,29.19533366430921,46.707181991860395,18.468538371548735
baseline,18,20.117969566750553,34.72342024210395,19.82761342652988,11.355224805197325,29.546919316772957,46.532464415915825,18.316877276612626
baseline,19,20.418463133839566,35.19846030029144,20.129575795348718,11.52821337006345,29.920229895843526,47.339325744683016,18.24655436835763
baseline,20,20.58400031876709,35.49371026361406,20.189929061611767,11.591545526057466,30.163817389772724,48.430481537722855,18.193044771902752
baseline,21,20.77544730950832,35.76410783902979,20.38225145924662,11.79135672830476,30.302262492488108,48.6929629745819,18.141578409480562
baseline,22,21.017872690614407,36.245879649267074,20.63511306656253,11.983015506189043,30.733711989586293,48.93460345777507,18.100800319315567
baseline,23,21.18384749500743,36.582960935453926,20.757595437740502,12.14618301448839,31.06369965327443,48.50369482209578,18.019791663586496
baseline,24,21.36472018280503,36.97241138468148,20.97365889634425,12.248708878000896,31.292013518804808,47.759067312179376,17.920721391127554
baseline,25,21.485877466283977,37.226066687979255,21.080577776088138,12.377533784903479,31.55048925555306,49.01144009779097,17.885625687803888
baseline,26,21.726772986819018,37.578211161677686,21.308632544343403,12.575368118365393,31.868624647152327,49.07901112387421,17.88772932968411
baseline,27,21.961309129432095,37.95444609804333,21.52464139945436,12.781364707180245,32.13815305400933,49.379693354461146,17.77363409455897
baseline,28,22.216651926977775,38.34888105284735,21.801176801162168,12.924676282697481,32.46631491462228,50.29644791844476,17.680446146076495
baseline,29,22.40012648971505,38.73842403978436,21.98623864440089,13.065891545137829,32.715192354519715,49.51740090744744,17.61411094326561
baseline,30,22.52607541197751,38.90824349711687,22.06851453306584,13.249681921522145,32.828068461776404,49.81830446280593,17.63634614321055
baseline,31,22.767055202201576,39.30125290621461,22.306405522013428,13.387324335340429,33.12538885197246,51.042397625633114,17.60637284880019
baseline,32,22.828518520552553,39.417761728668374,22.34273430230349,13.480864193632392,33.22568601502076,48.41722833499503,17.50248437089173
baseline,33,22.953705062800434,39.634127652886086,22.368932113348553,13.560995222389186,33.448601549758884,48.63134894066718,17.482014713617477
baseline,34,23.125217225553683,39.94035362051425,22.5706742071233,13.696498387327086,33.67068664318099,48.650851870764114,17.434044289268385
baseline,35,23.216972647315842,40.08415831838737,22.703821970742883,13.818311808060146,33.69167662905224,48.13638790982269,17.482876179447093
baseline,36,23.396864178807565,40.39023774422885,22.89206772598925,13.984701635791213,33.84825847795877,48.39099135018,17.338201137658267
baseline,37,23.480781863642502,40.539054073448085,22.974535437007816,14.038526824732953,33.97522498681079,48.354573179579205,17.274273518597834
baseline,38,23.634598018503585,40.8134277245074,23.102806279591594,14.054899916114147,34.18946387969546,48.450804925177806,17.303561990770632
baseline,39,23.705987577811968,40.90245645885954,23.31513153139532,14.165300127322036,34.323984742020635,49.1732634695329,17.28056826066094
baseline,40,23.740393424278068,41.003964467924554,23.320699705448654,14.196353971848502,34.347529439221056,48.81649716477223,17.156912402122213
baseline,41,23.856095866665978,41.1102442744712,23.383118942846597,14.260116752405077,34.40613402971696,48.78451999912883,17.17511548231087
baseline,42,23.95463437923694,41.25257505370162,23.469890436172026,14.39807209362447,34.443055910901386,48.8187123973338,17.16995724141736
baseline,43,24.02339820125472,41.41894655818145,23.37665370911474,14.420660688699519,34.52278398420414,49.4955845390453,17.130832795252335
baseline,44,24.16638374916297,41.569685195724695,23.51732967229217,14.588365485345655,34.63506840381028,49.41664974766401,17.032736314907083
baseline,45,24.33202549871219,41.81980807857955,23.72546366167003,14.733329612653886,34.85234517576961,48.57061585916724,17.036577643428515
baseline,46,24.36042462746612,41.90318844296425,23.823559286190175,14.791101446858871,34.82225072956305,49.420041306489146,17.029292232782833
baseline,47,24.40115008333845,42.06889565696716,23.742165938174082,14.854941700995262,34.85334052750896,49.89541840607535,17.01299462549065
baseline,48,24.42052900903669,42.149967314908274,23.701532758884586,14.915821370160195,34.93594699001106,49.36599324869602,16.965799313021893
baseline,49,24.579141601759837,42.364735038120145,23.932509384598067,14.975047768886569,35.040805098189445,49.0465339202282,16.976684644811396
baseline,50,24.586548718456534,42.41843884209375,23.86804991590951,15.039280825839596,34.99090887648022,48.50606535601848,16.864369257913825
baseline,51,24.657244286426195,42.52621555304854,24.02539209917406,15.071549801019945,35.11214750374175,47.50974897673919,16.848899199925402
baseline,52,24.677605837380387,42.53760296371958,24.043504593146572,15.06768987871375,35.16999530643602,47.22954452579149,16.795103546199172
baseline,53,24.6815111729246,42.55606199041757,24.13962419643481,15.078008924334169,35.17395527174807,46.94450861855978,16.832210868684534
baseline,54,24.715499547876373,42.63088043613861,24.13561611997498,15.145554974370961,35.10045042908345,45.96530021668995,16.802458493939103
baseline,55,24.727744190863763,42.684972678832025,24.195598353492258,15.158380914153803,35.16123631197312,45.52419170062801,16.789370706508414
baseline,56,24.797256884578744,42.86454441890282,24.258209650157866,15.249835089177765,35.14902508241155,45.02725547372108,16.76186247171123
baseline,57,24.822849375117016,42.94175551944805,24.21194407673235,15.29909560340015,35.174054046255655,44.33855672150387,16.77999312054925
baseline,58,24.896731541564463,42.95401245348718,24.30549070638057,15.343795600400261,35.33653233211681,44.277044522181995,16.647621391619435
baseline,59,24.887339853540528,43.006718666826465,24.26600664028427,15.359953719706107,35.34104812786201,44.43215421352424,16.731475032328305
baseline,60,24.99312303657211,43.12161296249623,24.283696341370298,15.42380624920342,35.463254417411,44.67229609770368,16.646639167571653
baseline,61,25.031727666669816,43.145232224148394,24.31139387131346,15.429995017744647,35.58884429397514,44.11177218130147,16.607967194109314
baseline,62,25.065242455684412,43.23043483909832,24.235652235545494,15.496300857514345,35.5753508259449,44.32859806896249,16.603990810286998
baseline,63,25.11284166400628,43.37377906377523,24.486058111331378,15.508764649178941,35.64826045242983,44.485013970852755,16.594649734240633
baseline,64,25.091589378694128,43.33131168754593,24.581018685831506,15.541725301791388,35.54884332452646,44.83269935421976,16.61135852253984
baseline,65,25.119467166331045,43.29755122822946,24.594350838953495,15.574567340661128,35.56885883270292,44.87452893590815,16.50501942689849
baseline,66,25.118110423005284,43.37587755109052,24.552782289266727,15.608803596862295,35.50310254402934,45.332433026970456,16.52693303234517
baseline,67,25.137440919850707,43.359244015029006,24.52119931514012,15.643120332533636,35.59391686573407,46.22638018493998,16.550246107838028
baseline,68,25.187062411890988,43.43246365668545,24.503616294693423,15.64117580986435,35.68169667706728,46.55972252117108,16.53666883420583
baseline,69,25.128249367938476,43.333310022684095,24.464207573103707,15.589833745386219,35.53221554671986,46.89854165099302,16.534013195027526
baseline,70,25.210737125754996,43.414213369839985,24.47458828680012,15.610768563319935,35.754832756406465,46.80665408111068,16.421930745292386
baseline,71,25.274953439211068,43.525983171365816,24.609006257018258,15.637064901457713,35.861509275264844,46.05105324902076,16.4742888371555
baseline,72,25.400852218245163,43.69204006715404,24.722803798114278,15.75742966627387,36.07597933726791,45.773561374802476,16.4382709719228
sgf,1,6.094672172052353,11.561087971035926,5.818162345748627,3.0378860880179435,9.472480801438163,13.847828937147266,25.11296117664986
sgf,2,8.485115645222113,15.45837748095007,8.07618593751355,4.432479894995929,12.96575992572808,22.32885391517496,22.385436002925566
sgf,3,10.902954147712972,20.042565869951424,10.46232862114867,5.712815875811409,16.388666326208668,29.715471227830587,21.41066392026974
sgf,4,12.962729799017486,23.200120435678006,12.377642928555785,6.764321022761849,19.333752078384446,34.09115025443656,20.88838362439562
sgf,5,13.9042012089252,24.966782036908548,13.246150036879975,7.5353915510425695,20.816661792681575,34.522065283936314,20.40387442513202
sgf,6,14.965644932218295,26.724119957419397,14.40256335778044,8.106836725123992,22.321636688320094,34.546908949059166,20.083685038871216
sgf,7,16.41477085363426,29.095425208639796,15.996475365826331,9.165989994318496,24.55952386993886,40.15997183205177,19.79699294671377
sgf,8,17.054779585144605,30.00059701686456,16.45632704053962,9.496766192530986,24.957012783051287,41.73673757422703,19.6426079913207
sgf,9,17.74706380199213,31.03085509682209,17.213850945110533,9.951620202462287,25.896859648288928,41.471459231503374,19.377862744824334
sgf,10,18.1393224024745,31.532894945437796,17.732093853400805,10.292694806325528,26.573253147873054,42.76164532764131,19.298332523477995
sgf,11,18.462246013662075,32.086332543219534,18.02304313067436,10.43853132736378,27.171518833617313,43.515412912410746,19.027839333984183
sgf,12,18.685765774961503,32.518287550099004,18.14938931369682,10.614552191964096,27.492750192651634,43.772295778187704,19.011318461085523
sgf,13,19.033882294097545,32.96860908126264,18.5779329337111,10.75996916022292,27.80495893500234,45.18741974620369,18.912986006402946
sgf,14,19.272077974433245,33.37967195541435,18.727064546896308,10.940564042558263,28.260931009444974,44.8287372307783,18.72666509507742
sgf,15,19.522873784945194,33.762817058272766,18.99234774603274,11.038935053319342,28.53389689993015,45.638766581616565,18.63226271478862
sgf,16,19.735018493931584,34.18695581278496,19.25968636216864,11.214087797440117,28.875909349702283,44.7642532703853,18.472914898824772
sgf,17,19.917577278125094,34.4999317241312,19.40479770765267,11.385480547038384,29.13244695644743,45.91942242342288,18.403965434636053
sgf,18,20.122599417290992,34.87864269249799,19.596221960196623,11.522016776348924,29.47199520075309,46.33402248502769,18.36921781764814
sgf,19,20.28187884618383,35.12416637771429,19.739205665187104,11.642214171052384,29.67552869213883,46.3287385234076,18.24050464093676
sgf,20,20.601849473705524,35.64656912642706,20.082082470949796,11.838677952855948,30.23600017598797,47.21353588980731,18.164217888415457
sgf,21,20.872846430126817,36.01378479450473,20.383900862638022,12.037224186143067,30.464949959621208,47.259022462043475,18.092509707865144
sgf,22,21.040195582645516,36.30881199450216,20.61676172368916,12.201086283236423,30.611442324339063,46.90013059137229,18.020744809410225
sgf,23,21.17622593983274,36.52051218560519,20.747458050422583,12.284259548673191,30.722271081292373,47.05868840303791,17.977989243422055
sgf,24,21.41480194828354,36.87610874222877,21.033336294748864,12.476866016423486,30.953042292635637,47.50176749768816,17.97504323101029
sgf,25,21.523527369403393,37.11304572167083,21.130703573248145,12.60266867983335,31.070871478697065,47.03610709307557,17.952770651851367
sgf,26,21.702281176430397,37.49782825368481,21.258750073218884,12.744544385530105,31.3622037825612,45.77689078506872,17.83424246843586
sgf,27,21.86925432913399,37.836787888232365,21.36254358477396,12.897419992038433,31.53939944163917,46.039247565419686,17.773705172402433
sgf,28,21.99187357840198,38.25510163373222,21.416218842268243,13.01310934341994,31.709139150525356,46.14074404234715,17.663014848382225
sgf,29,22.09605671243337,38.44479499647166,21.529551315411577,13.128861747076886,31.70195628275837,46.095208123241015,17.615658965145414
sgf,30,22.307670508052123,38.7836344712664,21.71363446458444,13.287940645392007,32.07008703810337,46.250149359254905,17.542163229231818
sgf,31,22.53608860726554,39.127240694069705,21.925773284932443,13.44140485564725,32.47692422936109,47.343627399979866,17.527423641630456
sgf,32,22.711866334420268,39.3880684135862,22.136106013913942,13.55423353296806,32.6774206239804,47.901255887748675,17.499107993233057
sgf,33,22.82306479916269,39.61471596552937,22.25429170263799,13.705829568683262,32.82885456499306,47.81534591863232,17.46675857158703
sgf,34,22.964504049257275,39.834709717302744,22.307228132837064,13.773797743021646,32.99424805363794,48.037993696602236,17.41189023918207
sgf,35,23.08091063199023,40.049298058922865,22.47242358091488,13.88946846070936,33.12280654747723,47.441530369962116,17.441231473670125
sgf,36,23.219391907173353,40.304853244620034,22.608467236875544,13.910262315904234,33.36409265154687,47.57070660107244,17.334124438785878
sgf,37,23.34329703774815,40.50521379383093,22.6665692193679,14.043831278282285,33.51336095389929,47.19521729454903,17.26721595439342
sgf,38,23.43900494323603,40.699784527150875,22.812425634427974,14.1319224921702,33.563643593979,48.55762081901779,17.276124359485152
sgf,39,23.568579391842093,40.84464516208176,22.882635508969994,14.198562577180551,33.66820681526556,47.879633436485896,17.22228337505873
sgf,40,23.674189140512738,41.044571277432176,22.93775205536904,14.28077455142119,33.72461868517148,48.04038503422449,17.156593548166494
sgf,41,23.83724837886311,41.27650048386159,23.153143046475215,14.40242231240911,33.971409881924146,47.928355524188746,17.168279119187098
sgf,42,23.915342887896795,41.431274904491325,23.21282813518332,14.503754768711493,33.968344326078345,47.288603308272485,17.14538430121228
sgf,43,23.97467871390272,41.5208653784534,23.32112242161352,14.515685528565243,34.09646828159475,47.11054336214049,17.096823390420706
sgf,44,24.05624414333121,41.66437568486497,23.28600654005852,14.608683184055607,34.24637709893022,47.722930695104345,17.008163161374302
sgf,45,24.139230217742362,41.73671659633913,23.337271052092927,14.61899312173887,34.41031517133239,47.081320094108115,16.98184262669044
sgf,46,24.174804520638574,41.786639657507735,23.46278129521342,14.689914287223612,34.43005116729031,47.209812771755466,16.948667745099446
sgf,47,24.29726988903996,41.9487811320208,23.483367413179177,14.788641123087285,34.54812993233803,47.64847547193979,16.97617733804617
sgf,48,24.361197376099106,42.02358497744437,23.531596812365,14.843166653667733,34.6667502025327,47.34795394766129,16.91583001552824
sgf,49,24.399790072666296,42.11847980716623,23.553641259609122,14.934662458899368,34.66169490212035,46.77991449401371,16.90653786455124
sgf,50,24.49987020293704,42.25050226216052,23.746745187525423,14.995556532815879,34.90798937080384,46.9960571839198,16.89998037143425
sgf,51,24.555614961090484,42.31255799983709,23.72034419774301,15.024988236417073,34.92097212262511,46.82690295140087,16.82624799386185
sgf,52,24.602311463170786,42.44884121966142,23.771413122748548,15.084381028657093,34.984017302772635,47.86338638044221,16.83694164661955
sgf,53,24.703028408169168,42.62669029782564,23.922605248499078,15.150564004498118,35.072177196893165,47.903002523201664,16.77477770694679
sgf,54,24.802188839108297,42.848473417869265,24.067655476181287,15.231322156217288,35.22427205351596,47.86582359834376,16.768886844925046
sgf,55,24.84032248820847,42.955916638888574,24.141210368157395,15.267211469151185,35.29568963671348,47.59200111597382,16.710978635992227
sgf,56,24.897196228482432,42.96476240005945,24.288247684189397,15.311688839707172,35.38465344373339,47.36521734110507,16.700464546431753
sgf,57,24.917940134534636,43.03529356077257,24.148589382410847,15.368550301693276,35.38190661567659,46.38080401461847,16.668648344271887
sgf,58,24.941308693251305,43.00454031630971,24.167440527501086,15.36747970552039,35.389035083448974,45.84974899330794,16.71442422791659
sgf,59,24.993179864261354,43.0148537226577,24.307620490306668,15.467836630381548,35.4654974623068,46.02551099979675,16.673853195831814
sgf,60,24.949080760303737,43.01484492627489,24.162620160358628,15.42608223949776,35.20733509789089,46.560605119773484,16.633042825242867
sgf,61,25.05998145904862,43.145723615423826,24.31652451456431,15.527952956094031,35.3878214879358,46.83253925286249,16.561073320318346
sgf,62,25.137345960244595,43.170763129856404,24.515518972793693,15.586055195438439,35.594262235016274,47.05478101606189,16.59002948282602
sgf,63,25.16209665012543,43.2571981572009,24.630633032213865,15.578229582474318,35.68638745589771,46.55074225844911,16.476372908632165
sgf,64,25.258102363421635,43.36941368776513,24.695145927756087,15.675522424589081,35.75750282372784,47.09851239856022,16.579227297848774
sgf,65,25.285216266803047,43.472647850890155,24.731970163182105,15.68675454033929,35.79262867800908,47.57679298616943,16.449073082327455
sgf,66,25.270273049849273,43.489205500248964,24.755578745920854,15.705782364646973,35.81608140790568,47.57414829677102,16.495612581957808
sgf,67,25.277820396095706,43.52696028062234,24.72842631289696,15.721655714706632,35.740186774675095,47.522269773247956,16.485579187949977
sgf,68,25.409818465001177,43.70256828992204,24.857396488821607,15.775148837511278,35.96716521370393,47.387762412721855,16.42924243032131
sgf,69,25.4325696876477,43.83620444387893,24.858593075345915,15.820190980525165,36.01931399672076,47.288173540413176,16.394442485484507
sgf,70,25.46410911119609,43.92477419041182,24.84887272401184,15.835146636641252,36.04572894227488,47.52860945125643,16.468690741321915
sgf,71,25.457362360142895,43.999731611944284,24.690734560457813,15.870697123054658,35.98258007916008,47.32921443660222,16.34543955792159
sgf,72,25.504214190420832,44.0691648424462,24.814899823967913,15.903685532267367,35.98895742757098,47.14928283573257,16.36962815529227
